<?xml version='1.1' encoding='UTF-8'?>
<hudson>
  <disabledAdministrativeMonitors/>
  <version>2.106</version>
  <installState>
    <isSetupComplete>true</isSetupComplete>
    <name>RUNNING</name>
  </installState>
  <numExecutors>2</numExecutors>
  <mode>NORMAL</mode>
  <useSecurity>true</useSecurity>
  <authorizationStrategy class="hudson.security.GlobalMatrixAuthorizationStrategy">
    <permission>hudson.model.Hudson.Administer:anonymous</permission>
    <permission>hudson.model.Hudson.Read:authenticated</permission>
    <permission>hudson.model.Hudson.Read:StephenRitchie</permission>
    <permission>hudson.model.Item.Build:StephenRitchie</permission>
    <permission>hudson.model.Item.Cancel:StephenRitchie</permission>
    <permission>hudson.model.Item.Configure:StephenRitchie</permission>
    <permission>hudson.model.Item.Create:StephenRitchie</permission>
    <permission>hudson.model.Item.Delete:StephenRitchie</permission>
    <permission>hudson.model.Item.Discover:StephenRitchie</permission>
    <permission>hudson.model.Item.Move:StephenRitchie</permission>
    <permission>hudson.model.Item.Read:StephenRitchie</permission>
    <permission>hudson.model.Item.Workspace:StephenRitchie</permission>
  </authorizationStrategy>
  <securityRealm class="hudson.security.HudsonPrivateSecurityRealm">
    <disableSignup>true</disableSignup>
    <enableCaptcha>false</enableCaptcha>
  </securityRealm>
  <disableRememberMe>false</disableRememberMe>
  <projectNamingStrategy class="jenkins.model.ProjectNamingStrategy$DefaultProjectNamingStrategy"/>
  <workspaceDir>${JENKINS_HOME}/workspace/${ITEM_FULL_NAME}</workspaceDir>
  <buildsDir>${ITEM_ROOTDIR}/builds</buildsDir>
  <markupFormatter class="hudson.markup.EscapedMarkupFormatter"/>
  <jdks/>
  <viewsTabBar class="hudson.views.DefaultViewsTabBar"/>
  <myViewsTabBar class="hudson.views.DefaultMyViewsTabBar"/>
  <clouds/>
  <scmCheckoutRetryCount>0</scmCheckoutRetryCount>
  <views>
    <hudson.model.AllView>
      <owner class="hudson" reference="../../.."/>
      <name>all</name>
      <filterExecutors>false</filterExecutors>
      <filterQueue>false</filterQueue>
      <properties class="hudson.model.View$PropertyList"/>
    </hudson.model.AllView>
  </views>
  <primaryView>all</primaryView>
  <slaveAgentPort>-1</slaveAgentPort>
  <disabledAgentProtocols>
    <string>JNLP-connect</string>
    <string>JNLP2-connect</string>
  </disabledAgentProtocols>
  <label></label>
  <crumbIssuer class="hudson.security.csrf.DefaultCrumbIssuer">
    <excludeClientIPFromCrumb>false</excludeClientIPFromCrumb>
  </crumbIssuer>
  <nodeProperties/>
  <globalNodeProperties/>
</hudson>